17900.0,17900.0,17900.0,17900.0,200,2023-05-19,VVS
3900.0,3900.0,3600.0,3600.0,6900,2023-05-19,HSV
20700.0,21500.0,20700.0,21000.0,472200,2023-05-19,CST
16700.0,16700.0,16700.0,16700.0,100,2023-05-19,SGI
9300.0,9300.0,9100.0,9300.0,9900,2023-05-19,VTZ
64800.0,66500.0,64600.0,66000.0,77700,2023-05-19,SSH
4500.0,4700.0,4500.0,4600.0,14600,2023-05-19,BCA
9450.0,9560.0,9400.0,9400.0,9300,2023-05-19,GMH
4600.0,4700.0,4500.0,4700.0,104000,2023-05-19,BIG
10000.0,10000.0,10000.0,10000.0,100,2023-05-19,CMM
42200.0,42900.0,42100.0,42900.0,32500,2023-05-19,ODE
7000.0,7000.0,7000.0,7000.0,100,2023-05-19,HMR
4200.0,4300.0,4200.0,4300.0,3100,2023-05-19,PCH
6900.0,6900.0,6900.0,6900.0,300,2023-05-19,NO1
15800.0,15800.0,15700.0,15700.0,600,2023-05-19,PPT
31100.0,31300.0,31100.0,31200.0,3400,2023-05-19,CAR
6500.0,6800.0,6500.0,6800.0,29200,2023-05-19,GPC
8420.0,8420.0,8340.0,8340.0,2300,2023-05-19,FUEDCMID
14000.0,14000.0,13800.0,13900.0,4700,2023-05-19,GCF
8400.0,8600.0,8400.0,8500.0,6300,2023-05-19,LPT
11250.0,11300.0,11000.0,11100.0,2130300,2023-05-19,AAA
11000.0,11000.0,10800.0,10800.0,700,2023-05-19,AAM
5340.0,5340.0,5180.0,5210.0,450400,2023-05-19,AAT
4500.0,4600.0,4400.0,4500.0,62700,2023-05-19,AAV
9200.0,9200.0,8800.0,8900.0,2848900,2023-05-19,ABB
31500.0,32300.0,31500.0,32000.0,46200,2023-05-19,ABI
6160.0,6260.0,6070.0,6100.0,803300,2023-05-19,ABS
31800.0,31800.0,31700.0,31700.0,200,2023-05-19,ABT
25050.0,25050.0,24750.0,24850.0,2076000,2023-05-19,ACB
14100.0,14100.0,14000.0,14000.0,16300,2023-05-19,ACC
35000.0,35000.0,35000.0,35000.0,1000,2023-05-19,ACE
11500.0,11500.0,11400.0,11450.0,9800,2023-05-19,ACL
700.0,800.0,600.0,700.0,295400,2023-05-19,ACM
6900.0,6900.0,6900.0,6900.0,1000,2023-05-19,ACS
78800.0,79000.0,78800.0,79000.0,800,2023-05-19,ACV
16900.0,17000.0,16900.0,17000.0,1200,2023-05-19,ADC
8900.0,9000.0,8700.0,8800.0,30900,2023-05-19,AFX
2300.0,2300.0,2100.0,2300.0,33400,2023-05-19,AGF
5920.0,6150.0,5920.0,6100.0,65900,2023-05-19,AGM
7800.0,7800.0,7800.0,7800.0,2200,2023-05-19,CAG
28900.0,29500.0,28800.0,29000.0,417300,2023-05-19,LTG
12450.0,12700.0,12300.0,12450.0,585300,2023-05-19,AGR
27850.0,27950.0,27850.0,27850.0,64700,2023-05-19,AGG
12700.0,12700.0,12700.0,12700.0,500,2023-05-19,ALT
4100.0,4500.0,4000.0,4100.0,7000,2023-05-19,ALV
9500.0,9500.0,9500.0,9500.0,100,2023-05-19,AME
4700.0,4700.0,4500.0,4600.0,699500,2023-05-19,AMV
39500.0,39500.0,39050.0,39100.0,4400,2023-05-19,ACG
13400.0,13400.0,13400.0,13400.0,100,2023-05-19,ANT
33000.0,33100.0,32800.0,32850.0,211700,2023-05-19,ANV
11950.0,11950.0,11950.0,11950.0,500,2023-05-19,APC
73900.0,73900.0,73500.0,73700.0,6000,2023-05-19,APF
7450.0,7590.0,7450.0,7510.0,373300,2023-05-19,APG
8780.0,8780.0,8600.0,8660.0,337800,2023-05-19,APH
14000.0,14200.0,13800.0,13900.0,223100,2023-05-19,API
4500.0,4500.0,4500.0,4500.0,100,2023-05-19,APP
14700.0,15000.0,14400.0,14600.0,619900,2023-05-19,APS
5340.0,5340.0,5200.0,5210.0,39500,2023-05-19,HII
23000.0,23150.0,23000.0,23150.0,6500,2023-05-19,ASG
8990.0,9080.0,8900.0,8960.0,1436600,2023-05-19,ASM
5880.0,5880.0,5830.0,5830.0,12900,2023-05-19,ASP
1200.0,1200.0,1100.0,1200.0,19900,2023-05-19,ATA
1600.0,1600.0,1400.0,1500.0,72200,2023-05-19,ATG
800.0,800.0,800.0,800.0,5400,2023-05-19,ATB
600.0,600.0,500.0,500.0,180900,2023-05-19,AVF
47500.0,47500.0,43000.0,43000.0,3000,2023-05-19,AVC
600.0,600.0,600.0,600.0,11900,2023-05-19,B82
22550.0,22900.0,22350.0,22600.0,882500,2023-05-19,BAF
7500.0,7500.0,7500.0,7500.0,100,2023-05-19,BAL
10700.0,10900.0,10700.0,10800.0,42400,2023-05-19,BNA
61400.0,61400.0,61400.0,61400.0,100,2023-05-19,BBC
28600.0,28800.0,28300.0,28500.0,35800,2023-05-19,VLB
15200.0,15200.0,15200.0,15200.0,100,2023-05-19,BBH
11900.0,11900.0,11600.0,11700.0,209300,2023-05-19,BCC
5990.0,5990.0,5880.0,5940.0,14800,2023-05-19,BCE
8490.0,8690.0,8400.0,8520.0,3002600,2023-05-19,BCG
17300.0,17550.0,17300.0,17550.0,59800,2023-05-19,BFC
13200.0,13300.0,13200.0,13300.0,1100,2023-05-19,PRT
43450.0,43900.0,43450.0,43900.0,1600,2023-05-19,BHN
28000.0,28900.0,28000.0,28450.0,112000,2023-05-19,BIC
44600.0,44950.0,44500.0,44750.0,175600,2023-05-19,BID
78500.0,78500.0,77300.0,77600.0,9900,2023-05-19,BCM
35000.0,35000.0,35000.0,35000.0,100,2023-05-19,BLT
43650.0,44700.0,43600.0,44650.0,22700,2023-05-19,DBD
47000.0,47000.0,46600.0,46600.0,10800,2023-05-19,BWE
4030.0,4070.0,4030.0,4030.0,72300,2023-05-19,BKG
12400.0,12400.0,12400.0,12400.0,100,2023-05-19,BLI
13700.0,13750.0,13700.0,13750.0,12300,2023-05-19,BMC
24100.0,24100.0,23700.0,23750.0,86100,2023-05-19,BMI
8000.0,8000.0,8000.0,8000.0,400,2023-05-19,BMN
79700.0,80000.0,75300.0,75900.0,397400,2023-05-19,BMP
7800.0,8000.0,7700.0,7800.0,23000,2023-05-19,BMS
3400.0,3500.0,3200.0,3300.0,334700,2023-05-19,BOT
28550.0,28800.0,28300.0,28350.0,460300,2023-05-19,BSI
16300.0,16800.0,16300.0,16600.0,6336700,2023-05-19,BSR
3200.0,3300.0,3200.0,3300.0,400,2023-05-19,BT6
7300.0,7300.0,7300.0,7300.0,100,2023-05-19,BTG
3300.0,3300.0,3300.0,3300.0,5700,2023-05-19,BTN
14300.0,14500.0,14200.0,14500.0,15500,2023-05-19,BTP
5900.0,6100.0,5900.0,6100.0,6900,2023-05-19,BTS
24000.0,24000.0,24000.0,24000.0,1300,2023-05-19,BTD
2200.0,2300.0,2100.0,2100.0,41500,2023-05-19,BVG
44950.0,45400.0,44650.0,45150.0,129800,2023-05-19,BVH
26700.0,26850.0,26500.0,26600.0,76100,2023-05-19,TNH
23300.0,24000.0,23300.0,23500.0,290900,2023-05-19,BVS
8300.0,8300.0,8300.0,8300.0,100,2023-05-19,BWA
27400.0,27400.0,27400.0,27400.0,1000,2023-05-19,BWS
12500.0,16100.0,12500.0,16100.0,700,2023-05-19,HNB
5800.0,5800.0,5700.0,5700.0,24300,2023-05-19,C69
19200.0,19200.0,19200.0,19200.0,100,2023-05-19,C32
8260.0,8260.0,8040.0,8050.0,125700,2023-05-19,C47
3900.0,3900.0,3800.0,3800.0,15100,2023-05-19,TS3
2700.0,2700.0,2700.0,2700.0,200,2023-05-19,C92
800.0,800.0,800.0,800.0,600,2023-05-19,CAD
3200.0,3200.0,3200.0,3200.0,200,2023-05-19,CPA
67000.0,67000.0,66300.0,66300.0,4300,2023-05-19,CAP
5300.0,5300.0,5300.0,5300.0,300,2023-05-19,KCB
24750.0,24750.0,23200.0,23200.0,3900,2023-05-19,CCI
6470.0,6620.0,6470.0,6500.0,70200,2023-05-19,CCL
16200.0,16200.0,16200.0,16200.0,300,2023-05-19,VSM
11100.0,11300.0,11100.0,11300.0,1600,2023-05-19,CCR
19050.0,19050.0,18800.0,18950.0,246000,2023-05-19,CDC
900.0,1000.0,900.0,1000.0,460500,2023-05-19,CDO
4100.0,4200.0,4000.0,4100.0,127700,2023-05-19,CEN
8160.0,8200.0,8050.0,8180.0,107900,2023-05-19,CRE
27150.0,27200.0,27000.0,27100.0,15400,2023-05-19,STK
25100.0,25400.0,24800.0,25100.0,2219100,2023-05-19,CEO
13600.0,13600.0,13600.0,13600.0,100,2023-05-19,TW3
14700.0,14700.0,14500.0,14600.0,45300,2023-05-19,CLX
6100.0,6100.0,6100.0,6100.0,100,2023-05-19,CI5
2300.0,2300.0,1700.0,2300.0,35100,2023-05-19,CEG
12700.0,12900.0,12500.0,12800.0,1328800,2023-05-19,C4G
5940.0,5980.0,5710.0,5890.0,374400,2023-05-19,CIG
14850.0,15300.0,14750.0,15050.0,2449400,2023-05-19,CII
23800.0,24000.0,23300.0,23500.0,30900,2023-05-19,CKG
2100.0,2100.0,2100.0,2100.0,2400,2023-05-19,CIP
25800.0,25800.0,25800.0,25800.0,300,2023-05-19,CKD
800.0,800.0,700.0,800.0,97800,2023-05-19,CLG
30500.0,33000.0,30150.0,31500.0,16200,2023-05-19,CLL
30700.0,30700.0,30700.0,30700.0,100,2023-05-19,CLW
41400.0,41400.0,40800.0,40800.0,17900,2023-05-19,CMG
5200.0,5200.0,5200.0,5200.0,2100,2023-05-19,CMS
9040.0,9050.0,8900.0,8940.0,231400,2023-05-19,CMX
29000.0,29000.0,29000.0,29000.0,1500,2023-05-19,CNC
30700.0,30950.0,30500.0,30500.0,40600,2023-05-19,CNG
34500.0,34500.0,34500.0,34500.0,100,2023-05-19,CNN
27900.0,27900.0,27900.0,27900.0,100,2023-05-19,DP1
2600.0,2600.0,2600.0,2600.0,400,2023-05-19,CPI
11500.0,11700.0,11500.0,11700.0,1600,2023-05-19,CIA
5180.0,5180.0,5150.0,5160.0,12700,2023-05-19,CRC
39300.0,39800.0,39200.0,39200.0,36700,2023-05-19,CSC
13000.0,13200.0,13000.0,13100.0,27900,2023-05-19,SGP
13800.0,13800.0,13800.0,13800.0,2000,2023-05-19,CSM
30400.0,30400.0,29900.0,29950.0,82900,2023-05-19,CSV
5400.0,5400.0,5400.0,5400.0,100,2023-05-19,CT6
1900.0,1900.0,1800.0,1900.0,15600,2023-05-19,CTC
64800.0,64800.0,62500.0,62800.0,254000,2023-05-19,CTD
35200.0,35350.0,35000.0,35250.0,266900,2023-05-19,CTF
27900.0,27900.0,27650.0,27750.0,635000,2023-05-19,CTG
10400.0,10500.0,10000.0,10400.0,2100,2023-05-19,GTS
13600.0,13850.0,13400.0,13400.0,422300,2023-05-19,CTI
12750.0,12800.0,12750.0,12800.0,1200,2023-05-19,ICT
1100.0,1100.0,900.0,900.0,14900,2023-05-19,CTN
3400.0,3400.0,3300.0,3300.0,600,2023-05-19,CTP
66900.0,66900.0,66000.0,66600.0,84100,2023-05-19,CTR
17200.0,17450.0,17000.0,17250.0,658900,2023-05-19,CTS
4100.0,4100.0,3800.0,3800.0,870600,2023-05-19,CVN
39300.0,39300.0,37050.0,37200.0,4300,2023-05-19,CVT
4900.0,5800.0,4900.0,5800.0,1000,2023-05-19,CX8
12500.0,13100.0,12500.0,12800.0,4400,2023-05-19,D11
26600.0,27400.0,26600.0,26800.0,48400,2023-05-19,D2D
5050.0,5060.0,4950.0,4950.0,422100,2023-05-19,DAG
4200.0,4200.0,4120.0,4140.0,346200,2023-05-19,DAH
8200.0,8300.0,8100.0,8200.0,77300,2023-05-19,DRI
9000.0,9000.0,8700.0,8700.0,600,2023-05-19,DHB
13850.0,14600.0,13350.0,14450.0,712300,2023-05-19,ADS
30600.0,31100.0,30600.0,30750.0,187700,2023-05-19,DPG
17500.0,17700.0,17200.0,17500.0,2719500,2023-05-19,DBC
12250.0,12250.0,11950.0,12000.0,1400,2023-05-19,DBT
4500.0,4500.0,4300.0,4300.0,1100,2023-05-19,DC2
7850.0,8070.0,7840.0,8070.0,31800,2023-05-19,DC4
22700.0,23000.0,22700.0,22900.0,64800,2023-05-19,DCL
23800.0,23900.0,23550.0,23650.0,1676300,2023-05-19,DCM
700.0,800.0,600.0,700.0,2440800,2023-05-19,DCS
600.0,800.0,600.0,800.0,700,2023-05-19,DCT
9600.0,9700.0,9600.0,9700.0,11900,2023-05-19,DDN
9200.0,9300.0,9000.0,9300.0,193100,2023-05-19,DDV
10600.0,10600.0,10000.0,10200.0,11600,2023-05-19,DFF
50500.0,50700.0,50400.0,50500.0,706800,2023-05-19,DGC
7300.0,7300.0,7000.0,7200.0,8000,2023-05-19,DGT
33050.0,33450.0,32800.0,33100.0,297100,2023-05-19,DGW
36900.0,36900.0,36100.0,36400.0,13300,2023-05-19,DHA
39650.0,39800.0,39450.0,39650.0,43700,2023-05-19,DHC
111000.0,111800.0,111000.0,111400.0,14600,2023-05-19,DHG
8380.0,8380.0,8250.0,8320.0,21800,2023-05-19,DHM
46900.0,46900.0,45500.0,46600.0,7600,2023-05-19,DHT
1300.0,1300.0,1200.0,1300.0,143900,2023-05-19,DIC
3400.0,3400.0,3300.0,3300.0,1600,2023-05-19,DID
19750.0,20100.0,19550.0,19750.0,15278400,2023-05-19,DIG
27100.0,27600.0,27100.0,27500.0,23500,2023-05-19,DIH
5000.0,5000.0,4400.0,4500.0,1284400,2023-05-19,DL1
2620.0,2700.0,2590.0,2590.0,1757300,2023-05-19,DLG
48700.0,49000.0,48000.0,48800.0,32500,2023-05-19,DMC
24100.0,24100.0,24100.0,24100.0,100,2023-05-19,DNP
28000.0,28600.0,28000.0,28600.0,34100,2023-05-19,DSC
32700.0,32850.0,32500.0,32550.0,961800,2023-05-19,DPM
54100.0,55300.0,54100.0,54900.0,54200,2023-05-19,DPR
600.0,600.0,500.0,600.0,275400,2023-05-19,DPS
18950.0,18950.0,18500.0,18500.0,16600,2023-05-19,DQC
21000.0,21000.0,20950.0,20950.0,73800,2023-05-19,DRC
5640.0,5640.0,5460.0,5480.0,1033700,2023-05-19,DRH
57400.0,57400.0,56500.0,56700.0,15800,2023-05-19,DSN
4400.0,4500.0,4300.0,4300.0,70600,2023-05-19,DST
5440.0,5440.0,5440.0,5440.0,600,2023-05-19,DTA
14500.0,14500.0,14000.0,14000.0,25400,2023-05-19,BDT
5200.0,5200.0,5200.0,5200.0,9400,2023-05-19,DTC
6200.0,6200.0,6200.0,6200.0,300,2023-05-19,DTE
8000.0,8000.0,7500.0,7800.0,90600,2023-05-19,DTI
32950.0,32950.0,32950.0,32950.0,200,2023-05-19,DTL
17500.0,18000.0,17000.0,17000.0,600,2023-05-19,MTV
30000.0,30000.0,30000.0,30000.0,100,2023-05-19,MGG
2900.0,3000.0,2900.0,2900.0,124800,2023-05-19,DVG
49000.0,49300.0,49000.0,49100.0,2800,2023-05-19,DVP
13900.0,14100.0,13750.0,14000.0,4154900,2023-05-19,DXG
9800.0,9800.0,9700.0,9700.0,9700,2023-05-19,DXP
6800.0,6880.0,6670.0,6670.0,825000,2023-05-19,DXS
3840.0,3840.0,3750.0,3750.0,10400,2023-05-19,DXV
16050.0,16590.0,16050.0,16500.0,2500,2023-05-19,FUESSV50
18150.0,18300.0,18140.0,18220.0,429100,2023-05-19,E1VFVN30
19150.0,19150.0,18900.0,19000.0,432400,2023-05-19,EIB
20800.0,21500.0,20800.0,21500.0,700,2023-05-19,EID
14250.0,14300.0,14050.0,14150.0,119500,2023-05-19,ELC
16290.0,16290.0,16140.0,16240.0,156800,2023-05-19,FUESSVFL
16200.0,17450.0,16200.0,17400.0,1178300,2023-05-19,EVE
4500.0,4500.0,4380.0,4400.0,2280200,2023-05-19,EVG
8580.0,8620.0,8460.0,8490.0,317400,2023-05-19,EVF
22900.0,22900.0,22900.0,22900.0,1000,2023-05-19,EIC
5630.0,5630.0,5630.0,5630.0,100,2023-05-19,LEC
4310.0,4340.0,4290.0,4290.0,35500,2023-05-19,FCM
13350.0,13600.0,13100.0,13400.0,2686800,2023-05-19,FCN
1900.0,1900.0,1800.0,1900.0,164000,2023-05-19,FID
40600.0,41000.0,40600.0,41000.0,231300,2023-05-19,FIR
5790.0,5850.0,5650.0,5660.0,2844300,2023-05-19,FIT
42000.0,42000.0,41400.0,41650.0,14400,2023-05-19,FMC
900.0,1000.0,800.0,900.0,861200,2023-05-19,FTM
83000.0,83300.0,82000.0,82300.0,365800,2023-05-19,FPT
62000.0,62900.0,62000.0,62300.0,73200,2023-05-19,FRT
26600.0,26900.0,26050.0,26400.0,607400,2023-05-19,FTS
49500.0,49500.0,49500.0,49500.0,100,2023-05-19,FT1
57800.0,58000.0,57800.0,58000.0,3200,2023-05-19,FOX
12650.0,12650.0,12590.0,12590.0,300,2023-05-19,FUEMAV30
13080.0,13090.0,13060.0,13060.0,500,2023-05-19,FUESSV30
22350.0,22350.0,22210.0,22270.0,220000,2023-05-19,FUEVFVND
13680.0,13680.0,13450.0,13500.0,33400,2023-05-19,FUEVN100
600.0,700.0,600.0,700.0,11400,2023-05-19,G20
19800.0,19800.0,19800.0,19800.0,100,2023-05-19,M10
93200.0,95500.0,93100.0,95000.0,547700,2023-05-19,GAS
10200.0,10500.0,10200.0,10300.0,48200,2023-05-19,BVB
30400.0,31400.0,29500.0,29550.0,19400,2023-05-19,GDT
13950.0,14200.0,13900.0,14100.0,4254100,2023-05-19,GEX
26700.0,26700.0,26600.0,26600.0,400,2023-05-19,GEE
23200.0,23200.0,22900.0,23000.0,12700,2023-05-19,PGV
3700.0,3700.0,3700.0,3700.0,1000,2023-05-19,GGG
27000.0,27000.0,26800.0,26800.0,2500,2023-05-19,GHC
8700.0,8700.0,8700.0,8700.0,500,2023-05-19,GLW
23850.0,23850.0,23700.0,23700.0,196000,2023-05-19,GIL
15900.0,16500.0,15900.0,16250.0,2257100,2023-05-19,GEG
9020.0,9020.0,9020.0,9020.0,200,2023-05-19,GMC
51400.0,51400.0,50700.0,50700.0,83600,2023-05-19,GMD
21500.0,21500.0,21500.0,21500.0,1000,2023-05-19,GMX
10600.0,10700.0,10550.0,10700.0,80500,2023-05-19,GSP
12800.0,13950.0,12800.0,13950.0,26400,2023-05-19,GTA
500.0,600.0,500.0,600.0,27600,2023-05-19,GTT
41000.0,41000.0,41000.0,41000.0,400,2023-05-19,PHN
15500.0,15500.0,15500.0,15500.0,100,2023-05-19,HAD
17000.0,17000.0,17000.0,17000.0,100,2023-05-19,HDP
7640.0,7700.0,7630.0,7650.0,2616600,2023-05-19,HAG
39700.0,39700.0,39000.0,39200.0,506200,2023-05-19,HAH
4080.0,4140.0,4040.0,4090.0,2253200,2023-05-19,HPX
3170.0,3190.0,3160.0,3180.0,77500,2023-05-19,HID
13100.0,13200.0,13000.0,13150.0,1618800,2023-05-19,HHV
12100.0,12500.0,12000.0,12100.0,139800,2023-05-19,AAS
16600.0,17500.0,16300.0,17400.0,100100,2023-05-19,HD6
6700.0,6700.0,6700.0,6700.0,100,2023-05-19,HSM
4790.0,4790.0,4690.0,4750.0,99100,2023-05-19,HAP
4430.0,4430.0,4210.0,4350.0,104100,2023-05-19,HAR
8800.0,8800.0,8750.0,8750.0,1000,2023-05-19,HAS
25900.0,26000.0,25900.0,26000.0,1500,2023-05-19,HAT
3300.0,3300.0,3300.0,3300.0,500,2023-05-19,HAV
17900.0,18000.0,17800.0,17900.0,192500,2023-05-19,HAX
8000.0,8240.0,8000.0,8100.0,1621700,2023-05-19,HBC
6500.0,6500.0,6500.0,6500.0,4300,2023-05-19,HBH
6200.0,6300.0,6100.0,6100.0,27900,2023-05-19,HBS
10900.0,10900.0,10900.0,10900.0,200,2023-05-19,HCC
6870.0,6890.0,6720.0,6740.0,175900,2023-05-19,HCD
25700.0,26100.0,25650.0,25850.0,3288000,2023-05-19,HCM
3900.0,4000.0,3900.0,3900.0,1600,2023-05-19,HTE
5100.0,5300.0,5000.0,5200.0,11300,2023-05-19,HDA
19550.0,19550.0,19300.0,19350.0,419900,2023-05-19,HDB
33900.0,34300.0,33500.0,33900.0,352800,2023-05-19,HDC
33800.0,34800.0,33800.0,34400.0,724200,2023-05-19,HDG
31500.0,31500.0,31200.0,31400.0,12200,2023-05-19,HDM
500.0,500.0,500.0,500.0,15000,2023-05-19,HDO
18100.0,18100.0,18100.0,18100.0,200,2023-05-19,DHD
14500.0,14500.0,14500.0,14500.0,100,2023-05-19,HEJ
19500.0,19500.0,19500.0,19500.0,100,2023-05-19,HEP
1400.0,1400.0,1300.0,1300.0,135600,2023-05-19,HHG
11550.0,11550.0,11300.0,11500.0,488100,2023-05-19,HHP
4810.0,4810.0,4720.0,4720.0,1254200,2023-05-19,HHS
8590.0,8590.0,8450.0,8450.0,2268600,2023-05-19,TCH
5370.0,5590.0,5360.0,5470.0,15600,2023-05-19,HSL
7300.0,7300.0,7300.0,7300.0,15000,2023-05-19,HIG
36700.0,36700.0,36700.0,36700.0,200,2023-05-19,HJS
700.0,700.0,700.0,700.0,559500,2023-05-19,HKB
600.0,600.0,500.0,600.0,215800,2023-05-19,HLA
11000.0,11900.0,11000.0,11500.0,40800,2023-05-19,HLC
36100.0,36200.0,36100.0,36100.0,3000,2023-05-19,HLD
10000.0,10000.0,10000.0,10000.0,200,2023-05-19,HMC
25300.0,25300.0,23000.0,23000.0,300,2023-05-19,HMS
17200.0,17200.0,17200.0,17200.0,200,2023-05-19,HAF
3850.0,3850.0,3760.0,3800.0,1098800,2023-05-19,HNG
18200.0,18200.0,18100.0,18100.0,700,2023-05-19,HNA
8700.0,8800.0,8700.0,8800.0,10500,2023-05-19,HNM
4500.0,4500.0,4500.0,4500.0,600,2023-05-19,HRT
4700.0,4700.0,4600.0,4600.0,61500,2023-05-19,HOM
16000.0,16000.0,16000.0,16000.0,100,2023-05-19,HOT
6200.0,6200.0,6200.0,6200.0,100,2023-05-19,HAC
22000.0,22100.0,21850.0,21900.0,4042200,2023-05-19,HPG
57700.0,57700.0,57200.0,57200.0,2200,2023-05-19,HPP
38500.0,38500.0,38500.0,38500.0,5300,2023-05-19,DPH
13000.0,13000.0,13000.0,13000.0,100,2023-05-19,HPT
16100.0,17900.0,16100.0,17900.0,200,2023-05-19,HPW
4600.0,4620.0,4510.0,4530.0,6133400,2023-05-19,HQC
15500.0,15750.0,15400.0,15650.0,3073400,2023-05-19,HSG
1100.0,1100.0,1000.0,1000.0,1600,2023-05-19,HSI
13850.0,13850.0,13600.0,13800.0,266500,2023-05-19,HT1
37500.0,37500.0,37100.0,37200.0,25100,2023-05-19,HTG
12700.0,12700.0,12400.0,12500.0,278700,2023-05-19,HTN
38800.0,38800.0,38800.0,38800.0,2000,2023-05-19,HTP
1100.0,1200.0,1100.0,1200.0,25000,2023-05-19,HTT
10000.0,10000.0,10000.0,10000.0,100,2023-05-19,HTV
4000.0,4300.0,3600.0,4300.0,300,2023-05-19,HU3
8100.0,8200.0,8100.0,8100.0,1000,2023-05-19,HU4
27400.0,28600.0,27400.0,28300.0,22900,2023-05-19,HD2
5400.0,5600.0,5100.0,5500.0,500,2023-05-19,HU6
7400.0,7400.0,7000.0,7000.0,1000,2023-05-19,HD8
12400.0,12400.0,12400.0,12400.0,1300,2023-05-19,HWS
36500.0,36500.0,36500.0,36500.0,100,2023-05-19,HUG
16700.0,16900.0,16600.0,16800.0,677200,2023-05-19,HUT
6210.0,6210.0,6120.0,6150.0,108400,2023-05-19,HVH
2940.0,2950.0,2940.0,2950.0,1200,2023-05-19,HVX
2440.0,2460.0,2400.0,2430.0,974200,2023-05-19,IBC
1900.0,2000.0,1700.0,1900.0,34100,2023-05-19,ICF
4500.0,4600.0,4500.0,4600.0,6900,2023-05-19,ICG
11450.0,11600.0,11450.0,11550.0,841100,2023-05-19,IDI
38500.0,39200.0,38500.0,38700.0,901300,2023-05-19,IDC
13900.0,14100.0,13700.0,13900.0,693700,2023-05-19,IDJ
33900.0,35400.0,33900.0,35400.0,15300,2023-05-19,IDV
13800.0,14000.0,13800.0,13950.0,756800,2023-05-19,IJC
4000.0,4000.0,3900.0,3900.0,8800,2023-05-19,ILA
55000.0,55600.0,55000.0,55600.0,1100,2023-05-19,IMP
9600.0,10000.0,9100.0,9200.0,1628700,2023-05-19,DDG
17800.0,17800.0,17800.0,17800.0,200,2023-05-19,ILS
13900.0,14600.0,13900.0,14600.0,338400,2023-05-19,IPA
5000.0,5000.0,5000.0,5000.0,1500,2023-05-19,ISG
28800.0,28800.0,28800.0,28800.0,100,2023-05-19,IST
4240.0,4290.0,4220.0,4240.0,613600,2023-05-19,ITA
3000.0,3400.0,3000.0,3400.0,95400,2023-05-19,ITS
10600.0,10750.0,10350.0,10550.0,332400,2023-05-19,ITC
12750.0,12750.0,12050.0,12150.0,25700,2023-05-19,ITD
2600.0,2700.0,2600.0,2600.0,106200,2023-05-19,ITQ
6300.0,6300.0,6200.0,6200.0,26900,2023-05-19,IVS
4000.0,4040.0,3990.0,4000.0,420900,2023-05-19,JVC
26600.0,27100.0,26400.0,26850.0,4859500,2023-05-19,KBC
64800.0,65000.0,64400.0,64500.0,405000,2023-05-19,KDC
29300.0,29500.0,29050.0,29450.0,398200,2023-05-19,KDH
10500.0,11300.0,10500.0,11300.0,9200,2023-05-19,KDM
5480.0,5520.0,5440.0,5460.0,2475000,2023-05-19,KHG
700.0,800.0,700.0,700.0,24900,2023-05-19,KHL
9260.0,9380.0,9250.0,9380.0,50700,2023-05-19,KHP
5800.0,5800.0,5800.0,5800.0,100,2023-05-19,KKC
11400.0,11500.0,11400.0,11400.0,17600,2023-05-19,KLB
38100.0,38300.0,38000.0,38100.0,7100,2023-05-19,GKM
3400.0,3460.0,3370.0,3420.0,75500,2023-05-19,KMR
38400.0,38500.0,38300.0,38450.0,236900,2023-05-19,KOS
9000.0,9200.0,8960.0,8960.0,71400,2023-05-19,KPF
24900.0,25250.0,24800.0,25050.0,413700,2023-05-19,KSB
6100.0,6100.0,6100.0,6100.0,6600,2023-05-19,KSD
700.0,800.0,700.0,700.0,929900,2023-05-19,KSH
1700.0,1800.0,1700.0,1700.0,8100,2023-05-19,KSQ
26300.0,26300.0,26000.0,26000.0,200,2023-05-19,KSV
24500.0,24500.0,24000.0,24400.0,600,2023-05-19,KTS
3400.0,3400.0,3400.0,3400.0,33300,2023-05-19,KTT
49000.0,49500.0,45000.0,46600.0,1241500,2023-05-19,L14
34400.0,38100.0,34400.0,37800.0,113400,2023-05-19,L18
3900.0,3900.0,3900.0,3900.0,100,2023-05-19,L45
6800.0,6800.0,6800.0,6800.0,3000,2023-05-19,LSG
10100.0,10300.0,10000.0,10100.0,134000,2023-05-19,LAS
43000.0,44350.0,43000.0,43900.0,4200,2023-05-19,LBM
12050.0,12050.0,11850.0,11950.0,1969700,2023-05-19,LCG
3400.0,3400.0,3400.0,3400.0,1000,2023-05-19,LQN
2500.0,2500.0,2400.0,2400.0,232500,2023-05-19,LCM
1400.0,1600.0,1400.0,1400.0,38900,2023-05-19,LCS
4380.0,4460.0,4370.0,4380.0,1553900,2023-05-19,LDG
7900.0,7900.0,7700.0,7800.0,4000,2023-05-19,LDP
3310.0,3310.0,3250.0,3250.0,67300,2023-05-19,LGL
26000.0,26350.0,26000.0,26200.0,27300,2023-05-19,LHG
17000.0,17900.0,17000.0,17900.0,7300,2023-05-19,LIC
4400.0,4400.0,4400.0,4400.0,100,2023-05-19,L12
4500.0,4600.0,4400.0,4500.0,471600,2023-05-19,LIG
8400.0,8700.0,8400.0,8700.0,3000,2023-05-19,LLM
10900.0,10900.0,10400.0,10400.0,117300,2023-05-19,AMS
43000.0,43500.0,43000.0,43400.0,2600,2023-05-19,LIX
12400.0,13150.0,12400.0,12400.0,2100,2023-05-19,LM8
3500.0,3500.0,3200.0,3300.0,800900,2023-05-19,LMH
900.0,900.0,900.0,900.0,8400,2023-05-19,LO5
11650.0,11700.0,11450.0,11600.0,283200,2023-05-19,LSS
14200.0,14200.0,13900.0,13950.0,2669700,2023-05-19,LPB
8000.0,8000.0,7800.0,7800.0,200,2023-05-19,MAC
35600.0,35600.0,35600.0,35600.0,1000,2023-05-19,MAS
18600.0,18700.0,18550.0,18550.0,1030500,2023-05-19,MBB
39400.0,39400.0,39400.0,39400.0,1400,2023-05-19,MCM
4800.0,4800.0,4600.0,4600.0,11000,2023-05-19,MCO
27000.0,27000.0,27000.0,27000.0,100,2023-05-19,MCP
12100.0,12600.0,12100.0,12300.0,31400,2023-05-19,MDC
6000.0,6000.0,6000.0,6000.0,400,2023-05-19,MEL
4340.0,4340.0,4300.0,4300.0,41600,2023-05-19,MHC
1100.0,1100.0,1100.0,1100.0,1600,2023-05-19,JOS
4300.0,4300.0,4300.0,4300.0,5500,2023-05-19,MHL
17900.0,18200.0,17850.0,18000.0,97000,2023-05-19,MIG
12500.0,13400.0,12500.0,13400.0,900,2023-05-19,MLS
34000.0,34000.0,33000.0,33000.0,2100,2023-05-19,MML
17800.0,18000.0,17600.0,18000.0,273300,2023-05-19,MPC
700.0,700.0,600.0,600.0,52000,2023-05-19,MPT
12050.0,12100.0,11950.0,12000.0,1099400,2023-05-19,MSB
71800.0,72500.0,71800.0,72400.0,1100,2023-05-19,MCH
73200.0,73200.0,72300.0,72300.0,243800,2023-05-19,MSN
14700.0,15500.0,14600.0,15100.0,386400,2023-05-19,MSR
4800.0,4900.0,4700.0,4800.0,819700,2023-05-19,MST
4400.0,4700.0,4400.0,4700.0,12900,2023-05-19,MTL
7000.0,7000.0,7000.0,7000.0,100,2023-05-19,NAU
38100.0,38100.0,37800.0,37950.0,857800,2023-05-19,MWG
11800.0,12000.0,11800.0,11900.0,65700,2023-05-19,NAB
12500.0,12500.0,12250.0,12400.0,94300,2023-05-19,NAF
15500.0,15600.0,15400.0,15600.0,89700,2023-05-19,NAG
19400.0,19400.0,19400.0,19400.0,200,2023-05-19,NJC
13700.0,13900.0,13700.0,13800.0,1400,2023-05-19,BAB
31000.0,31000.0,31000.0,31000.0,300,2023-05-19,NAS
41900.0,41900.0,38500.0,41300.0,1000,2023-05-19,VET
13200.0,13300.0,13100.0,13300.0,126600,2023-05-19,NBB
11900.0,12900.0,11900.0,12500.0,697200,2023-05-19,NBC
12600.0,12600.0,12600.0,12600.0,1900,2023-05-19,NBE
25200.0,28200.0,25200.0,28200.0,300,2023-05-19,NBW
88600.0,88700.0,88400.0,88500.0,800,2023-05-19,NCT
118200.0,118200.0,118200.0,118200.0,500,2023-05-19,NDC
15300.0,15300.0,15200.0,15200.0,1200,2023-05-19,HND
8900.0,8900.0,8700.0,8800.0,93900,2023-05-19,NDN
6800.0,7000.0,6800.0,6900.0,800,2023-05-19,NDX
6000.0,6000.0,5800.0,6000.0,77100,2023-05-19,NED
41300.0,41300.0,41300.0,41300.0,300,2023-05-19,NET
4700.0,4900.0,4600.0,4800.0,1444500,2023-05-19,NRC
12700.0,12700.0,12700.0,12700.0,100,2023-05-19,NFC
15500.0,15800.0,15500.0,15500.0,140000,2023-05-19,NHA
14850.0,15000.0,14600.0,14850.0,63000,2023-05-19,NHH
55500.0,55500.0,54100.0,54300.0,705100,2023-05-19,VHM
600.0,700.0,600.0,700.0,129900,2023-05-19,NHP
12350.0,12400.0,12350.0,12400.0,1400,2023-05-19,NHT
4600.0,4600.0,4300.0,4400.0,185300,2023-05-19,NHV
14550.0,14750.0,14500.0,14650.0,1807800,2023-05-19,NKG
32200.0,32200.0,31600.0,31950.0,370400,2023-05-19,NLG
17450.0,17500.0,17450.0,17450.0,4100,2023-05-19,NNC
16300.0,16400.0,16300.0,16400.0,200,2023-05-19,NNG
32100.0,32100.0,32100.0,32100.0,100,2023-05-19,NNT
1000.0,1000.0,900.0,900.0,1600,2023-05-19,NOS
13300.0,13350.0,13100.0,13250.0,4391200,2023-05-19,NVL
10000.0,10000.0,10000.0,10000.0,1000,2023-05-19,PMB
6000.0,7100.0,6000.0,7100.0,200,2023-05-19,NS2
69900.0,71500.0,69900.0,70900.0,2800,2023-05-19,NSC
11700.0,12100.0,11550.0,11800.0,968100,2023-05-19,PSH
31000.0,32250.0,31000.0,31950.0,783500,2023-05-19,NT2
500.0,600.0,500.0,600.0,99700,2023-05-19,NTB
135000.0,148600.0,135000.0,141300.0,11200,2023-05-19,NTC
22400.0,22700.0,22400.0,22450.0,94900,2023-05-19,NTL
35100.0,35200.0,35000.0,35000.0,38400,2023-05-19,NTP
13700.0,13900.0,13500.0,13500.0,84500,2023-05-19,NVB
7620.0,7650.0,7600.0,7650.0,5100,2023-05-19,NVT
17100.0,17100.0,16900.0,16950.0,379300,2023-05-19,OCB
7600.0,7700.0,7600.0,7700.0,4000,2023-05-19,OCH
11000.0,11200.0,10900.0,10900.0,53900,2023-05-19,EVS
8840.0,8850.0,8580.0,8600.0,1224400,2023-05-19,OGC
15500.0,18000.0,15500.0,18000.0,1200,2023-05-19,TOW
5100.0,5100.0,5000.0,5000.0,23900,2023-05-19,ONE
3800.0,3800.0,3800.0,3800.0,2300,2023-05-19,ONW
13450.0,13650.0,13300.0,13450.0,770000,2023-05-19,ORS
30000.0,30000.0,29950.0,29950.0,1500,2023-05-19,PAC
17600.0,17800.0,17600.0,17700.0,375400,2023-05-19,PAN
4500.0,4500.0,4400.0,4400.0,198400,2023-05-19,PAS
11800.0,12000.0,11500.0,12000.0,8700,2023-05-19,PBP
28300.0,29150.0,28300.0,28750.0,1037000,2023-05-19,PC1
13600.0,13600.0,13600.0,13600.0,100,2023-05-19,PCC
5700.0,5700.0,5700.0,5700.0,2500,2023-05-19,PCG
47000.0,47500.0,46600.0,46900.0,12200,2023-05-19,CSI
8000.0,8000.0,8000.0,8000.0,100,2023-05-19,PCT
5000.0,5000.0,5000.0,5000.0,100,2023-05-19,PDC
13300.0,13300.0,13150.0,13250.0,872200,2023-05-19,PDR
13000.0,13200.0,13000.0,13100.0,7500,2023-05-19,PDV
24400.0,24550.0,24300.0,24450.0,160800,2023-05-19,PET
3500.0,3500.0,3500.0,3500.0,200,2023-05-19,PCF
4600.0,4700.0,4500.0,4700.0,16100,2023-05-19,PTV
37750.0,37950.0,37450.0,37850.0,326900,2023-05-19,PLX
2800.0,2900.0,2700.0,2800.0,84000,2023-05-19,PFL
28800.0,29200.0,28300.0,28800.0,70700,2023-05-19,PGB
15600.0,15950.0,15600.0,15850.0,8800,2023-05-19,PGC
38000.0,40000.0,38000.0,39400.0,7500,2023-05-19,PGD
8500.0,8600.0,8400.0,8500.0,24100,2023-05-19,PGN
26200.0,26200.0,26200.0,26200.0,1600,2023-05-19,PGS
3000.0,3000.0,2900.0,3000.0,1500,2023-05-19,PGT
4720.0,4740.0,4700.0,4700.0,29200,2023-05-19,PLP
12500.0,12600.0,12500.0,12500.0,14000,2023-05-19,PBC
5890.0,5890.0,5700.0,5800.0,29500,2023-05-19,PHC
19500.0,20000.0,19500.0,20000.0,400,2023-05-19,PHP
41500.0,42750.0,41500.0,42600.0,529800,2023-05-19,PHR
15100.0,15100.0,15100.0,15100.0,1200,2023-05-19,PIC
2800.0,2800.0,2700.0,2700.0,14200,2023-05-19,EIN
4540.0,4540.0,4500.0,4530.0,5100,2023-05-19,PIT
1700.0,2000.0,1700.0,1800.0,10400,2023-05-19,PIV
24600.0,24600.0,22400.0,22400.0,200,2023-05-19,PJC
14100.0,18100.0,14100.0,18100.0,14400,2023-05-19,PJS
9810.0,9810.0,9810.0,9810.0,900,2023-05-19,PJT
4200.0,4200.0,3700.0,3700.0,300,2023-05-19,PLA
34300.0,34300.0,33800.0,33800.0,129000,2023-05-19,PLC
10100.0,10100.0,9500.0,10100.0,300,2023-05-19,PMG
12800.0,12800.0,12800.0,12800.0,200,2023-05-19,PMP
7900.0,7900.0,7900.0,7900.0,100,2023-05-19,PMT
73800.0,73800.0,72700.0,72700.0,179000,2023-05-19,PNJ
4840.0,4840.0,4790.0,4820.0,34100,2023-05-19,POM
15600.0,16800.0,15600.0,16800.0,5300,2023-05-19,POT
9000.0,9000.0,9000.0,9000.0,100,2023-05-19,POV
15200.0,15500.0,15150.0,15400.0,99800,2023-05-19,PPC
24400.0,24600.0,24400.0,24600.0,53900,2023-05-19,PPH
600.0,600.0,500.0,600.0,607800,2023-05-19,PPI
13600.0,13600.0,13600.0,13600.0,100,2023-05-19,PPP
10800.0,12000.0,10800.0,12000.0,5200,2023-05-19,PPS
20900.0,21100.0,20900.0,21100.0,3600,2023-05-19,PRC
8200.0,8200.0,8200.0,8200.0,1300,2023-05-19,PRO
5700.0,5700.0,5700.0,5700.0,100,2023-05-19,PSB
13300.0,13500.0,13200.0,13500.0,40800,2023-05-19,PSD
10200.0,10200.0,10100.0,10100.0,1700,2023-05-19,PSE
600.0,700.0,600.0,700.0,355400,2023-05-19,PSG
7400.0,7400.0,7200.0,7200.0,12500,2023-05-19,PSI
13000.0,13000.0,13000.0,13000.0,200,2023-05-19,PSL
7000.0,7000.0,6900.0,6900.0,1100,2023-05-19,PSP
45850.0,46100.0,45750.0,46100.0,28300,2023-05-19,PTB
6300.0,6300.0,6300.0,6300.0,4800,2023-05-19,PTC
40000.0,40000.0,39700.0,39700.0,7800,2023-05-19,KSF
3650.0,3650.0,3530.0,3590.0,30100,2023-05-19,PTL
9900.0,9900.0,9900.0,9900.0,1700,2023-05-19,PTS
10300.0,10400.0,10300.0,10400.0,2900,2023-05-19,POS
900.0,900.0,900.0,900.0,200,2023-05-19,PTX
11400.0,11400.0,11400.0,11400.0,100,2023-05-19,PTT
10500.0,11600.0,10200.0,11600.0,3900,2023-05-19,DSP
28600.0,28900.0,27700.0,28000.0,306600,2023-05-19,DTD
13550.0,13550.0,13550.0,13550.0,6900,2023-05-19,DAT
2400.0,2400.0,2200.0,2300.0,34100,2023-05-19,PV2
1400.0,1400.0,1300.0,1300.0,558200,2023-05-19,PVA
16100.0,16800.0,16100.0,16400.0,338500,2023-05-19,PVB
16600.0,17800.0,16600.0,17500.0,3538000,2023-05-19,PVC
24600.0,24600.0,23000.0,23000.0,400,2023-05-19,PCE
14400.0,14400.0,14400.0,14400.0,1500,2023-05-19,PVM
1100.0,1100.0,1100.0,1100.0,5000,2023-05-19,PVH
22700.0,23700.0,22700.0,23450.0,7713400,2023-05-19,PVD
10000.0,10000.0,10000.0,10000.0,4500,2023-05-19,PCN
2500.0,2800.0,2500.0,2800.0,56600,2023-05-19,PVE
7700.0,7700.0,7700.0,7700.0,1000,2023-05-19,PSW
8300.0,8700.0,8300.0,8500.0,245400,2023-05-19,PVG
48600.0,49500.0,48600.0,49000.0,900,2023-05-19,PVI
10000.0,10000.0,10000.0,10000.0,100,2023-05-19,RGC
2100.0,2200.0,2000.0,2000.0,423500,2023-05-19,PVL
9300.0,9500.0,9200.0,9500.0,609900,2023-05-19,OIL
13400.0,13800.0,13400.0,13650.0,7208300,2023-05-19,POW
1300.0,1400.0,1300.0,1400.0,71600,2023-05-19,PVR
26600.0,28400.0,26600.0,28100.0,11583000,2023-05-19,PVS
20400.0,20800.0,20400.0,20650.0,2356900,2023-05-19,PVT
12500.0,12700.0,12400.0,12600.0,178500,2023-05-19,PVP
3600.0,3700.0,3400.0,3500.0,28000,2023-05-19,PVV
3200.0,3300.0,2900.0,3000.0,2325200,2023-05-19,PVX
3900.0,3900.0,3900.0,3900.0,700,2023-05-19,PWA
1000.0,1100.0,1000.0,1000.0,5200,2023-05-19,PXA
2200.0,2300.0,2200.0,2200.0,13900,2023-05-19,PXI
5800.0,6100.0,5800.0,6000.0,235300,2023-05-19,PXL
800.0,900.0,800.0,900.0,300,2023-05-19,PXM
5300.0,5600.0,5200.0,5400.0,749900,2023-05-19,PXS
3100.0,3300.0,3100.0,3200.0,190000,2023-05-19,PXT
2990.0,2990.0,2840.0,2890.0,605700,2023-05-19,QBS
5060.0,5140.0,5000.0,5000.0,233300,2023-05-19,QCG
26000.0,26000.0,25000.0,25000.0,2700,2023-05-19,CQN
45700.0,45700.0,45500.0,45700.0,110000,2023-05-19,QNS
15600.0,16100.0,15600.0,16000.0,806800,2023-05-19,QTP
103200.0,104000.0,103200.0,103300.0,5600,2023-05-19,RAL
2200.0,2200.0,2200.0,2200.0,100,2023-05-19,RCD
12600.0,12600.0,12600.0,12600.0,1000,2023-05-19,RCL
6150.0,6150.0,6140.0,6140.0,3700,2023-05-19,RDP
59100.0,59100.0,58100.0,58500.0,190100,2023-05-19,REE
6800.0,6800.0,6800.0,6800.0,1900,2023-05-19,TBR
6600.0,6700.0,6600.0,6700.0,1000,2023-05-19,RIC
5400.0,5400.0,5400.0,5400.0,5200,2023-05-19,DS3
500.0,600.0,500.0,500.0,18600,2023-05-19,S96
10300.0,10600.0,10300.0,10500.0,62600,2023-05-19,S99
18500.0,18500.0,18500.0,18500.0,500,2023-05-19,BSH
24500.0,24500.0,24500.0,24500.0,100,2023-05-19,BSQ
43300.0,43300.0,43300.0,43300.0,2300,2023-05-19,SAF
6480.0,6550.0,6410.0,6450.0,1411200,2023-05-19,SAM
29800.0,29800.0,29500.0,29600.0,8200,2023-05-19,SKV
25600.0,25600.0,25600.0,25600.0,200,2023-05-19,SKH
25000.0,25300.0,25000.0,25300.0,1100,2023-05-19,SAS
14900.0,15000.0,14900.0,15000.0,7200,2023-05-19,SAV
11700.0,11700.0,10900.0,10900.0,195300,2023-05-19,VNB
24300.0,24300.0,24150.0,24150.0,3100,2023-05-19,SBA
162300.0,162300.0,161400.0,161400.0,36800,2023-05-19,SAB
8500.0,8500.0,8500.0,8500.0,30000,2023-05-19,SBD
43800.0,43800.0,43800.0,43800.0,300,2023-05-19,SBH
7100.0,7300.0,7000.0,7000.0,1320900,2023-05-19,SBS
16150.0,16200.0,16050.0,16150.0,772700,2023-05-19,SBT
64900.0,65200.0,64500.0,65100.0,63000,2023-05-19,SCG
12200.0,12900.0,11900.0,12600.0,87500,2023-05-19,SCI
10000.0,10600.0,10000.0,10600.0,2300,2023-05-19,SID
3800.0,3900.0,3800.0,3900.0,1200,2023-05-19,SCJ
11200.0,11200.0,11000.0,11000.0,3500,2023-05-19,SCL
5000.0,5000.0,5000.0,5000.0,100,2023-05-19,SCO
7770.0,7850.0,7750.0,7770.0,2025300,2023-05-19,SCR
65700.0,65700.0,65500.0,65500.0,3000,2023-05-19,SCS
5400.0,5500.0,5000.0,5000.0,2800,2023-05-19,SD2
4100.0,4200.0,4100.0,4200.0,200,2023-05-19,SD3
7000.0,7200.0,7000.0,7200.0,6800,2023-05-19,SD5
3100.0,3100.0,3000.0,3000.0,6100,2023-05-19,SD6
800.0,800.0,800.0,800.0,3000,2023-05-19,SD8
7300.0,7300.0,7300.0,7300.0,200,2023-05-19,SD9
7100.0,7300.0,7100.0,7200.0,77600,2023-05-19,SDA
2300.0,2400.0,2300.0,2400.0,1400,2023-05-19,SDD
1300.0,1300.0,1300.0,1300.0,51500,2023-05-19,SDP
3000.0,3000.0,3000.0,3000.0,900,2023-05-19,SDT
30050.0,30050.0,29850.0,29950.0,292600,2023-05-19,SSB
22600.0,22600.0,22500.0,22500.0,2300,2023-05-19,SEA
18400.0,19800.0,18400.0,19800.0,200,2023-05-19,SED
8490.0,8490.0,8490.0,8490.0,200,2023-05-19,SFG
13100.0,13100.0,13100.0,13100.0,100,2023-05-19,SGB
10400.0,10400.0,10400.0,10400.0,100,2023-05-19,BSG
83300.0,83300.0,83300.0,83300.0,100,2023-05-19,SGC
25700.0,25700.0,25700.0,25700.0,200,2023-05-19,SGH
18800.0,19450.0,18650.0,19450.0,133600,2023-05-19,SGR
11400.0,11400.0,11350.0,11400.0,2600,2023-05-19,SGT
92000.0,95000.0,92000.0,94300.0,44300,2023-05-19,SIP
18100.0,18100.0,18100.0,18100.0,100,2023-05-19,TPS
4050.0,4050.0,3900.0,3940.0,7200,2023-05-19,SHA
5000.0,5000.0,4900.0,5000.0,13700,2023-05-19,NSH
11600.0,11600.0,11500.0,11550.0,4611500,2023-05-19,SHB
10800.0,10800.0,10800.0,10800.0,1200,2023-05-19,SHC
1900.0,1900.0,1900.0,1900.0,23700,2023-05-19,SHG
33050.0,33050.0,32700.0,32700.0,28200,2023-05-19,MSH
13450.0,13450.0,13300.0,13300.0,204700,2023-05-19,SHI
7900.0,7900.0,7200.0,7200.0,200,2023-05-19,SHN
28000.0,28000.0,28000.0,28000.0,7900,2023-05-19,SHP
10800.0,11100.0,10800.0,10900.0,6565100,2023-05-19,SHS
10300.0,10300.0,10250.0,10250.0,10200,2023-05-19,SBV
33000.0,33350.0,32600.0,33000.0,443700,2023-05-19,SZC
13300.0,13300.0,13300.0,13300.0,800,2023-05-19,SII
12400.0,12400.0,12200.0,12200.0,200,2023-05-19,SJ1
10600.0,10600.0,10600.0,10600.0,4600,2023-05-19,SJC
14700.0,14850.0,14700.0,14800.0,20400,2023-05-19,SJD
25000.0,25000.0,25000.0,25000.0,1000,2023-05-19,SJE
3250.0,3260.0,3190.0,3210.0,210200,2023-05-19,SJF
3900.0,3900.0,3800.0,3800.0,21100,2023-05-19,SJM
41650.0,41650.0,40300.0,41550.0,2100,2023-05-19,SJS
18800.0,18850.0,18600.0,18750.0,262700,2023-05-19,SKG
169500.0,170000.0,169100.0,169100.0,4100,2023-05-19,SLS
8850.0,10150.0,8840.0,10150.0,17300,2023-05-19,SMA
39000.0,39000.0,38650.0,39000.0,1900,2023-05-19,SMB
11900.0,12550.0,11500.0,12250.0,515700,2023-05-19,SMC
7500.0,7900.0,7500.0,7900.0,2500,2023-05-19,SMT
14800.0,14800.0,14800.0,14800.0,200,2023-05-19,SJG
11600.0,11600.0,11300.0,11300.0,7600,2023-05-19,SHE
7700.0,7700.0,7700.0,7700.0,100,2023-05-19,SBR
2500.0,2600.0,2500.0,2600.0,3800,2023-05-19,SPI
3900.0,4000.0,3800.0,3800.0,197000,2023-05-19,SRA
2200.0,2200.0,2100.0,2100.0,33900,2023-05-19,SRB
19250.0,19250.0,19250.0,19250.0,100,2023-05-19,SRC
8850.0,8850.0,8850.0,8850.0,100,2023-05-19,SRF
30950.0,30950.0,29950.0,29950.0,200,2023-05-19,SSC
9500.0,9500.0,9300.0,9300.0,6200,2023-05-19,SSG
22800.0,23300.0,22750.0,23000.0,7577200,2023-05-19,SSI
1500.0,1700.0,1500.0,1700.0,139300,2023-05-19,SSN
19900.0,19900.0,19900.0,19900.0,91200,2023-05-19,ST8
27350.0,27400.0,27200.0,27250.0,4632300,2023-05-19,STB
1300.0,1300.0,1300.0,1300.0,200,2023-05-19,STL
6700.0,6800.0,6700.0,6800.0,300,2023-05-19,STP
1800.0,1800.0,1800.0,1800.0,700,2023-05-19,STT
3000.0,3000.0,2990.0,2990.0,200,2023-05-19,SVD
11750.0,12350.0,11750.0,12050.0,28400,2023-05-19,SVT
19000.0,19000.0,19000.0,19000.0,7600,2023-05-19,SWC
55800.0,55800.0,53500.0,53500.0,1700,2023-05-19,SZL
28600.0,30800.0,28600.0,30800.0,1100,2023-05-19,SZB
11400.0,11400.0,11400.0,11400.0,100,2023-05-19,TA9
61100.0,61900.0,61000.0,61000.0,2100,2023-05-19,AST
35950.0,35950.0,34900.0,34900.0,200,2023-05-19,TBC
8900.0,9500.0,8800.0,9400.0,1188700,2023-05-19,TC6
29550.0,29650.0,29300.0,29550.0,1115700,2023-05-19,TCB
37550.0,37800.0,37550.0,37800.0,4700,2023-05-19,TCL
50300.0,50400.0,49950.0,50300.0,236500,2023-05-19,TCM
7490.0,7490.0,7390.0,7400.0,41200,2023-05-19,TCO
3350.0,3390.0,3350.0,3390.0,2600,2023-05-19,TCR
7100.0,7100.0,7100.0,7100.0,300,2023-05-19,FUCVREIT
9200.0,9300.0,9100.0,9200.0,69900,2023-05-19,TCI
25000.0,25050.0,24900.0,25050.0,6200,2023-05-19,TCT
8400.0,8600.0,8300.0,8600.0,317900,2023-05-19,G36
26800.0,26800.0,26200.0,26200.0,11600,2023-05-19,TCW
11350.0,11800.0,11300.0,11650.0,460600,2023-05-19,TDC
3580.0,3580.0,3500.0,3500.0,83500,2023-05-19,TDG
39000.0,39250.0,39000.0,39250.0,600,2023-05-19,TDM
11200.0,12000.0,11200.0,11600.0,199100,2023-05-19,TDN
7600.0,7600.0,7500.0,7500.0,1600,2023-05-19,TDT
3700.0,4000.0,3700.0,4000.0,800,2023-05-19,CET
9760.0,9850.0,9640.0,9800.0,122900,2023-05-19,TEG
3680.0,3680.0,3600.0,3630.0,76500,2023-05-19,TGG
5100.0,5100.0,5100.0,5100.0,300,2023-05-19,TGP
4600.0,4600.0,4600.0,4600.0,100,2023-05-19,TH1
40000.0,40500.0,40000.0,40100.0,7000,2023-05-19,THD
44500.0,45200.0,44400.0,45050.0,28500,2023-05-19,THG
26000.0,26000.0,26000.0,26000.0,200,2023-05-19,THI
12700.0,13000.0,12500.0,12700.0,73600,2023-05-19,THT
8700.0,9100.0,8700.0,9100.0,200,2023-05-19,THW
3200.0,3200.0,3200.0,3200.0,100,2023-05-19,TIE
2500.0,2500.0,2300.0,2400.0,689300,2023-05-19,TTH
10200.0,10400.0,10100.0,10400.0,630000,2023-05-19,TIG
19800.0,20250.0,19800.0,20100.0,37800,2023-05-19,TIP
27000.0,27000.0,27000.0,27000.0,2000,2023-05-19,DTG
4400.0,4400.0,4400.0,4400.0,200,2023-05-19,TIS
15000.0,16400.0,15000.0,16400.0,1100,2023-05-19,TJC
1800.0,1800.0,1700.0,1700.0,17500,2023-05-19,TKC
13000.0,13300.0,13000.0,13300.0,80300,2023-05-19,TKG
11300.0,11300.0,11300.0,11300.0,300,2023-05-19,TKU
5500.0,5500.0,5500.0,5500.0,400,2023-05-19,TL4
3530.0,3600.0,3530.0,3560.0,91000,2023-05-19,TLD
52800.0,52800.0,52100.0,52800.0,10200,2023-05-19,TLG
8120.0,8580.0,7900.0,8250.0,1221200,2023-05-19,TLH
17200.0,17500.0,17000.0,17200.0,948000,2023-05-19,MBS
47900.0,47900.0,47000.0,47000.0,1900,2023-05-19,TMS
19000.0,19000.0,19000.0,19000.0,1200,2023-05-19,TMT
11400.0,11400.0,10600.0,10600.0,400,2023-05-19,TMX
16500.0,16500.0,16500.0,16500.0,200,2023-05-19,TN1
5690.0,5790.0,5690.0,5700.0,29800,2023-05-19,TNA
5200.0,5200.0,5000.0,5000.0,8700,2023-05-19,STH
2300.0,2300.0,2200.0,2300.0,68700,2023-05-19,TNS
19300.0,19500.0,19000.0,19300.0,674200,2023-05-19,TNG
2920.0,2920.0,2890.0,2890.0,55600,2023-05-19,TNI
4020.0,4040.0,4020.0,4030.0,20800,2023-05-19,TNT
1100.0,1100.0,1100.0,1100.0,16400,2023-05-19,TOP
23600.0,23600.0,23300.0,23350.0,517700,2023-05-19,TPB
88100.0,88500.0,87900.0,87900.0,1300,2023-05-19,TRA
9300.0,9300.0,8850.0,9100.0,416400,2023-05-19,TCD
28500.0,28500.0,28500.0,28500.0,100,2023-05-19,TRC
14500.0,14800.0,14400.0,14600.0,411700,2023-05-19,TAR
4800.0,5010.0,4800.0,4900.0,357500,2023-05-19,TVB
34700.0,34700.0,34700.0,34700.0,100,2023-05-19,TSB
4200.0,4270.0,4170.0,4230.0,1934000,2023-05-19,TSC
3300.0,3300.0,3300.0,3300.0,100,2023-05-19,TST
8960.0,9130.0,8880.0,9020.0,347700,2023-05-19,TTA
2420.0,2420.0,2390.0,2390.0,257500,2023-05-19,TTB
10800.0,10800.0,10800.0,10800.0,1300,2023-05-19,TTC
40500.0,40500.0,40500.0,40500.0,100,2023-05-19,TTT
4780.0,4810.0,4720.0,4760.0,985600,2023-05-19,TTF
16000.0,16200.0,16000.0,16050.0,9400,2023-05-19,HUB
8600.0,8700.0,8600.0,8700.0,3000,2023-05-19,TTN
15500.0,15600.0,15500.0,15500.0,2400,2023-05-19,TV1
28400.0,29800.0,28400.0,29550.0,283900,2023-05-19,TV2
12800.0,12800.0,12800.0,12800.0,2000,2023-05-19,TV4
6300.0,6300.0,6200.0,6300.0,394500,2023-05-19,TVC
15500.0,16600.0,15500.0,16000.0,989500,2023-05-19,TVD
30400.0,30400.0,30400.0,30400.0,100,2023-05-19,TVP
26400.0,26400.0,25600.0,25900.0,16300,2023-05-19,TVS
11500.0,11500.0,11500.0,11500.0,100,2023-05-19,TNW
11300.0,11300.0,11100.0,11100.0,8500,2023-05-19,TYA
11200.0,11200.0,11200.0,11200.0,1300,2023-05-19,UDJ
8400.0,8500.0,8300.0,8500.0,2200,2023-05-19,UNI
600.0,600.0,600.0,600.0,4000,2023-05-19,V11
600.0,600.0,500.0,600.0,16100,2023-05-19,V15
4500.0,4500.0,4500.0,4500.0,1800,2023-05-19,V21
7600.0,7700.0,7500.0,7600.0,296500,2023-05-19,VAB
76700.0,76700.0,75600.0,75600.0,9500,2023-05-19,PAT
25000.0,25000.0,25000.0,25000.0,100,2023-05-19,VAV
9100.0,9200.0,9000.0,9100.0,64600,2023-05-19,VC2
28100.0,28200.0,27500.0,27700.0,351600,2023-05-19,VC3
6900.0,7400.0,6900.0,7400.0,4100,2023-05-19,VC6
9200.0,9300.0,8800.0,9200.0,204600,2023-05-19,VC7
4600.0,4700.0,4600.0,4700.0,1200,2023-05-19,VC9
94500.0,94900.0,93000.0,93800.0,148700,2023-05-19,VCB
13800.0,13800.0,13800.0,13800.0,3500,2023-05-19,VCC
19350.0,19500.0,19200.0,19400.0,1694900,2023-05-19,VCG
57900.0,57900.0,57900.0,57900.0,100,2023-05-19,CLM
14200.0,14200.0,14200.0,14200.0,300,2023-05-19,VCM
20500.0,20700.0,20500.0,20600.0,12400,2023-05-19,VCR
51200.0,51200.0,50800.0,50800.0,17000,2023-05-19,VCS
33900.0,34400.0,33550.0,33700.0,2043300,2023-05-19,VCI
11450.0,11550.0,11100.0,11300.0,277000,2023-05-19,VDS
5200.0,5200.0,4400.0,5000.0,29100,2023-05-19,VE1
1900.0,1900.0,1800.0,1800.0,18600,2023-05-19,VE9
38400.0,38600.0,38100.0,38200.0,67000,2023-05-19,VEA
160000.0,160000.0,150000.0,155000.0,20000,2023-05-19,VEF
9800.0,9800.0,9800.0,9800.0,2600,2023-05-19,VEC
35600.0,35600.0,35600.0,35600.0,200,2023-05-19,VFG
5900.0,5900.0,5900.0,5900.0,4000,2023-05-19,VFR
22800.0,23100.0,22700.0,22900.0,66000,2023-05-19,VFS
36950.0,37400.0,36950.0,37000.0,303700,2023-05-19,VGC
28500.0,28500.0,28500.0,28500.0,300,2023-05-19,VGP
14500.0,15800.0,14400.0,15400.0,1141800,2023-05-19,VGS
40800.0,40900.0,40600.0,40900.0,24700,2023-05-19,VUA
58200.0,58200.0,57400.0,57500.0,122500,2023-05-19,VHC
2900.0,2900.0,2600.0,2600.0,1251900,2023-05-19,VHG
18500.0,18600.0,18500.0,18600.0,4500,2023-05-19,VHL
21500.0,21550.0,21300.0,21350.0,1762000,2023-05-19,VIB
53400.0,53400.0,52700.0,52800.0,634000,2023-05-19,VIC
26500.0,26500.0,26100.0,26100.0,1500,2023-05-19,TVT
5260.0,5260.0,5120.0,5220.0,7300,2023-05-19,VID
4800.0,4800.0,4800.0,4800.0,300,2023-05-19,PVO
5700.0,5700.0,5500.0,5700.0,372200,2023-05-19,MBG
3100.0,3100.0,3100.0,3100.0,100,2023-05-19,VIE
99200.0,100000.0,98800.0,99500.0,526000,2023-05-19,VJC
17400.0,17500.0,16800.0,17000.0,467200,2023-05-19,DVM
11300.0,11400.0,11000.0,11000.0,48100,2023-05-19,VTD
25800.0,25800.0,25600.0,25600.0,1900,2023-05-19,VTR
7600.0,7600.0,7400.0,7500.0,68400,2023-05-19,VIG
16000.0,16200.0,15800.0,15900.0,107900,2023-05-19,VLC
10000.0,10000.0,10000.0,10000.0,1000,2023-05-19,DTK
3100.0,3100.0,3100.0,3100.0,123800,2023-05-19,VHE
9500.0,9600.0,9500.0,9600.0,700,2023-05-19,VHD
11500.0,11500.0,11300.0,11400.0,136100,2023-05-19,VGT
24900.0,24900.0,24900.0,24900.0,100,2023-05-19,VGL
10300.0,10450.0,10250.0,10300.0,136200,2023-05-19,VIP
6900.0,6900.0,6900.0,6900.0,100,2023-05-19,VIR
9600.0,9810.0,9580.0,9690.0,11365800,2023-05-19,VIX
1000.0,1000.0,900.0,1000.0,247800,2023-05-19,VKC
1100.0,1100.0,1000.0,1000.0,558900,2023-05-19,VLF
9500.0,9500.0,9500.0,9500.0,200,2023-05-19,VMC
25150.0,25200.0,25000.0,25200.0,5500,2023-05-19,VMD
14500.0,14500.0,14500.0,14500.0,300,2023-05-19,VMS
18400.0,18500.0,18200.0,18300.0,31600,2023-05-19,ABC
4200.0,4200.0,4200.0,4200.0,7600,2023-05-19,MGC
25100.0,25100.0,24900.0,25000.0,6200,2023-05-19,VNA
9600.0,9600.0,9600.0,9600.0,2600,2023-05-19,AIC
12600.0,12600.0,12450.0,12500.0,436700,2023-05-19,HVN
18900.0,18900.0,18300.0,18600.0,6100,2023-05-19,VGV
2700.0,2700.0,2700.0,2700.0,2100,2023-05-19,CGV
26500.0,27900.0,26500.0,27400.0,15100,2023-05-19,TMB
15600.0,16250.0,15500.0,16100.0,38928000,2023-05-19,VND
10500.0,10600.0,10450.0,10550.0,71100,2023-05-19,VNE
9100.0,9100.0,9100.0,9100.0,4700,2023-05-19,VNF
8000.0,8000.0,7900.0,8000.0,15700,2023-05-19,VSF
8700.0,8790.0,8680.0,8680.0,8200,2023-05-19,VNG
2000.0,2000.0,2000.0,2000.0,100,2023-05-19,VNH
15500.0,15500.0,15500.0,15500.0,100,2023-05-19,MVN
3300.0,3300.0,3300.0,3300.0,200,2023-05-19,VLG
69400.0,69500.0,68800.0,68900.0,398300,2023-05-19,VNM
17100.0,17200.0,17100.0,17200.0,14100,2023-05-19,DVN
12800.0,12800.0,12100.0,12100.0,3800,2023-05-19,VNP
24400.0,25800.0,24400.0,25000.0,20600,2023-05-19,VNR
15900.0,16200.0,15850.0,16050.0,1038700,2023-05-19,GVR
16900.0,16950.0,16900.0,16900.0,3700,2023-05-19,VNS
5700.0,5900.0,5600.0,5700.0,305500,2023-05-19,TVN
24400.0,24600.0,24100.0,24500.0,50600,2023-05-19,VOC
10800.0,11050.0,10800.0,10950.0,500800,2023-05-19,VOS
22700.0,22700.0,22700.0,22700.0,100,2023-05-19,VSA
19300.0,19400.0,19250.0,19350.0,2117500,2023-05-19,VPB
2800.0,2800.0,2800.0,2800.0,100,2023-05-19,VPC
13600.0,14450.0,13450.0,14300.0,2029300,2023-05-19,VPG
5050.0,5090.0,4940.0,5000.0,65800,2023-05-19,VPH
53100.0,53500.0,52900.0,53200.0,411300,2023-05-19,VPI
8480.0,8480.0,8450.0,8480.0,8500,2023-05-19,VRC
20500.0,20500.0,20200.0,20200.0,1000,2023-05-19,VRG
28050.0,28050.0,27800.0,27850.0,1122000,2023-05-19,VRE
27750.0,27750.0,27400.0,27400.0,17200,2023-05-19,VSC
6100.0,6200.0,6000.0,6200.0,7100,2023-05-19,VSE
1500.0,1500.0,1500.0,1500.0,1500,2023-05-19,VSG
41600.0,42000.0,41600.0,41900.0,202400,2023-05-19,VSH
16700.0,16700.0,16600.0,16600.0,500,2023-05-19,VSI
2600.0,2600.0,2300.0,2300.0,18000,2023-05-19,VST
3700.0,3700.0,3700.0,3700.0,13700,2023-05-19,VTA
35700.0,35700.0,35300.0,35300.0,1300,2023-05-19,VGG
22100.0,22100.0,21900.0,22000.0,180400,2023-05-19,VGI
2800.0,2800.0,2800.0,2800.0,100,2023-05-19,VTJ
20300.0,20300.0,20300.0,20300.0,100,2023-05-19,VTK
9410.0,9590.0,9410.0,9520.0,396700,2023-05-19,VTO
33100.0,34000.0,33100.0,33100.0,353300,2023-05-19,VTP
10600.0,10600.0,10400.0,10400.0,3900,2023-05-19,VBB
4600.0,4700.0,4600.0,4700.0,900,2023-05-19,VTV
13100.0,13100.0,13000.0,13000.0,300,2023-05-19,CAB
13600.0,13600.0,13600.0,13600.0,100,2023-05-19,VTX
27900.0,27900.0,27900.0,27900.0,100,2023-05-19,CLH
32000.0,32000.0,32000.0,32000.0,1000,2023-05-19,VCW
8800.0,8800.0,6600.0,6600.0,400,2023-05-19,VXB
48500.0,48500.0,48500.0,48500.0,500,2023-05-19,WSB
6000.0,6100.0,6000.0,6000.0,23900,2023-05-19,WSS
13400.0,13400.0,13400.0,13400.0,600,2023-05-19,WTC
7100.0,7200.0,7000.0,7200.0,7600,2023-05-19,XMC
6600.0,7200.0,6600.0,7200.0,300,2023-05-19,XMD
8900.0,8900.0,6800.0,6800.0,13000,2023-05-19,XPH
7100.0,7480.0,7000.0,7480.0,2600,2023-05-19,YBM
11300.0,11350.0,11100.0,11350.0,12600,2023-05-19,YEG
